1,"Mountain-300",101,12
2,"Mountain-400",101,8
3,"Road-250",101,8
4,"Road-350",101,14
5,"Helmet-sport",102,16
6,"AWC Logo Cap",103,11
7,"AWC Logo Jersey",103,18
8,"Mountain-500",101,10
9,"Road-450",101,6
10,"Helmet-racing",102,
11,"Mountain-600",101,10
12,"Helmet-touring",102,14
13,"Mountain-600",101,10
14,"Helmet-touring",102,14
1,"Mountain-300",101,12
2,"Mountain-400",101,8
3,"Road-250",101,8
4,"Road-350",101,14
5,"Helmet-sport",102,16
6,"AWC Logo Cap",103,11
7,"AWC Logo Jersey",103,18
8,"Mountain-500",101,10
9,"Road-450",101,6
10,"Helmet-racing",102,
11,"Mountain-600",101,10
12,"Helmet-touring",102,14
13,"Mountain-600",101,10
14,"Helmet-touring",102,14
