1,"International","Assistant Sales Agent","Ms.","Julia",,"Moseley",,"432-555-0100","julia0@adventure-works.com",0,"683 Larch Ct.",,"Salt Lake City","Utah","84101","United States"
2,"Electronic Bike Repair & Supplies","Assistant Sales Agent","Mr.","Sean",,"Purcell",,"130-555-0100","sean5@adventure-works.com",0,"8547 Catherine Way",,"Tacoma","Washington","98403","United States"
9,"A. Datum Corporation","Assistant Sales Agent","Mr.","Frank",,"Pellow",,"941-555-0100","frank7@adventure-works.com",0,"2596 Big Canyon Road",,"New York","New York","10007","United States"
16,"Image Makers Bike Center","Assistant Sales Agent","Ms.","Suzanne",,"Nelson",,"314-555-0100","suzanne0@adventure-works.com",1,"3195 RiverRock Dr.",,"Burlingame","California","94010","United States"
26,"First National Sport Co.","Assistant Sales Agent","Ms.","Billie Jo",,"Murray",,"923-555-0100","billiejo0@adventure-works.com",0,"8127 Otter Dr.",,"Boise","Idaho","83702","United States"
28,"Wide World Importers","Assistant Sales Agent","Ms.","Monica","L.","Quintana",,"207-555-0100","monica0@adventure-works.com",0,"50 Edward Ave",,"Concord","California","94519","United States"
29,"Integrated Sport Products","Assistant Sales Agent","Mr.","Josh",,"Pollock",,"117-555-0100","josh1@adventure-works.com",1,"75 Q St.",,"Chula Vista","California","91910","United States"
31,"Federal Sport","Assistant Sales Agent","Ms.","Elizabeth","M.","Peoples",,"614-555-0100","elizabeth3@adventure-works.com",0,"2909 Toyon Dr.",,"Burlingame","California","94010","United States"
34,"Indiana Bicycle Center","Assistant Sales Agent",,"Alma","B.","Poorbaugh",,"153-555-0100","alma0@adventure-works.com",0,"9620 Laurel Drive",,"Novato","Wyoming","82070","United States"
37,"Inner City Bikes","Assistant Sales Agent","Ms.","Jyothi",,"Pai",,"433-555-0100","jyothi0@adventure-works.com",0,"102 Silverado Drive",,"W. Linn","Oregon","97068","United States"
39,"Hill's Bicycle Service","Assistant Sales Agent","Mr.","Amir","T.","Netz",,"362-555-0100","amir0@adventure-works.com",0,"3664 Colt Ct.",,"Richmond","California","94801","United States"
59,"Electronic Bike Co.","Assistant Sales Agent","Mr.","Jeff",,"Price",,"927-555-0100","jeff3@adventure-works.com",2,"8157 Tweed Lane",,"Anacortes","Washington","98221","United States"
60,"International Sport Assoc.","Assistant Sales Agent","Mr.","Milton","M.","Pugh",,"164-555-0100","milton1@adventure-works.com",1,"6119 11th",,"Salt Lake City","Utah","84101","United States"
65,"International Trek Center","Assistant Sales Agent","Mr.","Albert",,"Mungin",,"439-555-0100","albert0@adventure-works.com",1,"8844 Garcia",,"West Covina","California","91791","United States"
76,"Cruger Bike Company","Assistant Sales Agent","Ms.","Lorraine",,"Nay",,"669-555-0100","lorraine1@adventure-works.com",0,"67 Monetary Way",,"Berkeley","California","94704","United States"
77,"Custom Frames, Inc.","Assistant Sales Agent","Mr.","Fred","A.","Ortiz",,"275-555-0100","fred2@adventure-works.com",0,"419 River Ash Court","#9","Lakewood","Missouri","63301","United States"
100,"Holiday Skate & Cycle","Assistant Sales Agent","Mr.","Russell","A.","Reed",,"115-555-0100","russell3@adventure-works.com",2,"3294 Buena Vista",,"Lemon Grove","Arizona","85284","United States"
102,"Fitness Association","Assistant Sales Agent","Ms.","Trish","E.","Pederson",,"550-555-0100","trish0@adventure-works.com",0,"8629 Pepper Place",,"Bellevue","Washington","98004","United States"
2,"Electronic Bike Repair & Supplies","Sales Agent","Ms.","Catherine","M.","Whitney",,"206-555-0100","catherine1@adventure-works.com",0,"8547 Catherine Way",,"Tacoma","Washington","98403","United States"
6,"Green Lake Bike Company","Sales Agent","Mr.","Toby",,"Nixon",,"269-555-0100","toby0@adventure-works.com",0,"2342 Peachwillow",,"Denver","Colorado","80203","United States"
8,"Continental Pro Cycles","Sales Agent","Mr.","Lionel",,"Penuchot",,"718-555-0100","lionel1@adventure-works.com",0,"2 Lion Circle",,"Long Beach","California","90802","United States"
9,"A. Datum Corporation","Sales Agent","Mr.","Jay","J.","Wilkie",,"813-555-0100","jay5@adventure-works.com",0,"2596 Big Canyon Road",,"New York","New York","10007","United States"
10,"Trey Research","Sales Agent","Mr.","Cristian","B.","Osorio",,"597-555-0100","cristian1@adventure-works.com",1,"1874 Valley Blvd.",,"Palo Alto","California","94303","United States"
11,"Anderson's Custom Bikes","Sales Agent","Ms.","Suzann","K.","Reams",,"354-555-0100","suzann0@adventure-works.com",2,"9 Guadalupe Dr.",,"Burbank","California","91502","United States"
13,"Beaumont Bikes","Sales Agent","Mr.","John",,"Peoples",,"943-555-0100","john26@adventure-works.com",1,"2472 Alexander Place",,"West Covina","Idaho","83301","United States"
14,"Light Speed","Sales Agent","Ms.","Marie","E.","Moya",,"114-555-0100","marie0@adventure-works.com",0,"298 Sunnybrook Drive",,"Spring Valley","California","91977","United States"
16,"Image Makers Bike Center","Sales Agent","Mr.","Dan",,"Wilson",,"751-555-0100","dan2@adventure-works.com",0,"3195 RiverRock Dr.",,"Burlingame","California","94010","United States"
17,"Compete Enterprises, Inc","Sales Agent","Ms.","Carla","J.","Zubaty",,"516-555-0100","carla2@adventure-works.com",0,"50 Via Del Sol",,"Lynnwood","Washington","98036","United States"
18,"G & K Bicycle Corp.","Sales Agent","Mr.","Stuart",,"Munson",,"235-555-0100","stuart2@adventure-works.com",1,"8981 Carmel Drive",,"W. Linn","Nevada","89701","United States"
19,"Cycling Master","Sales Agent","Ms.","Hillaine","N.","Montera",,"920-555-0100","hillaine0@adventure-works.com",0,"4823 Stonewood Ct.",,"Walla Walla","Washington","99362","United States"
21,"Business Equipment Center","Sales Agent","Ms.","Karin",,"Zimprich",,"183-555-0100","karin0@adventure-works.com",1,"6061 St. Paul Way",,"Everett","Montana","98201","United States"
22,"Victory Bikes","Sales Agent","Ms.","Kim",,"Ralls",,"193-555-0100","kim4@adventure-works.com",0,"3459 Tri-state Ave",,"Issaquah","Washington","98027","United States"
24,"First Rate Bicycles","Sales Agent","Mr.","John","E.","Ortiz",,"133-555-0100","john25@adventure-works.com",1,"7053 Laurel Dr.",,"La Mesa","New Mexico","88044","United States"
26,"First National Sport Co.","Sales Agent","Mr.","Todd","K.","Whitney",,"376-555-0100","todd1@adventure-works.com",0,"8127 Otter Dr.",,"Boise","Idaho","83702","United States"
27,"Capital Road Cycles","Sales Agent","Mr.","Nino","E.","Olivotto",,"528-555-0100","nino0@adventure-works.com",2,"628 Muir Road",,"Los Angeles","California","90012","United States"
28,"Wide World Importers","Sales Agent","Mr.","Steven","K.","Whitehead",,"327-555-0100","steven4@adventure-works.com",1,"50 Edward Ave",,"Concord","California","94519","United States"
31,"Federal Sport","Sales Agent","Mr.","Shawn","M.","Whitney",,"803-555-0100","shawn1@adventure-works.com",0,"2909 Toyon Dr.",,"Burlingame","California","94010","United States"
32,"Advanced Bicycles","Sales Agent","Mr.","Eugene",,"Zabokritski",,"762-555-0100","eugene3@adventure-works.com",1,"7995 Edwards Ave.",,"Lynnwood","Washington","98036","United States"
38,"Allenson Cycles","Sales Agent","Ms.","Suchitra",,"Mohan",,"298-555-0100","suchitra1@adventure-works.com",0,"4659 Montoya",,"Altadena","California","91001","United States"
39,"Hill's Bicycle Service","Sales Agent","Mr.","Benjamin","C.","Willett",,"302-555-0100","benjamin3@adventure-works.com",0,"3664 Colt Ct.",,"Richmond","California","94801","United States"
41,"Speed Corporation","Sales Agent","Ms.","Deborah",,"Poe",,"331-555-0100","deborah2@adventure-works.com",2,"2834 Clifford Court","#9","Anacortes","Washington","98221","United States"
43,"Inline Accessories","Sales Agent","Ms.","Betty","J.","Potts",,"120-555-0100","betty1@adventure-works.com",1,"5 Madrid",,"Concord","California","94519","United States"
46,"Burnett Road Warriors","Sales Agent","Mr.","Arvid","B.","Ziegler",,"398-555-0100","arvid0@adventure-works.com",0,"5807 Churchill Dr.",,"Corvallis","Oregon","97330","United States"
47,"Bike Satellite Inc.","Sales Agent","Mr.","Larry",,"Zhang",,"143-555-0100","larry0@adventure-works.com",0,"2141 Delaware Ct.",,"Downey","Tennessee","37501","United States"
51,"Bergeron Off-Roads","Sales Agent","Mr.","Frank",,"Zhang",,"889-555-0100","frank8@adventure-works.com",0,"9830 May Way",,"Mill Valley","Montana","59715","United States"
52,"Hybrid Bicycle Center","Sales Agent","Mr.","Glin","J.","Peterson",,"626-555-0100","glin0@adventure-works.com",1,"6959 Lakewood Court",,"Daly City","California","94015","United States"
53,"Jackson Authority","Sales Agent","Mr.","Adam","J.","Reynolds","Jr.","574-555-0100","adam1@adventure-works.com",1,"32 East 87th Street",,"Long Beach","California","90802","United States"
56,"International Bicycles","Sales Agent","Mr.","Ken",,"Myer",,"176-555-0100","ken2@adventure-works.com",0,"20 Rambling Rose Ave.","# 103","West Covina","California","91791","United States"
57,"Wood Fitness","Sales Agent","Mr.","Jack","S.","Richins",,"705-555-0100","jack3@adventure-works.com",0,"7824 Frame Ln",,"Philadelphia","Pennsylvania","19107","United States"
59,"Electronic Bike Co.","Sales Agent","Mr.","Gregory","R.","Whiting",,"218-555-0100","gregory3@adventure-works.com",0,"8157 Tweed Lane",,"Anacortes","Washington","98221","United States"
62,"Training Systems","Sales Agent","Mr.","Zheng",,"Mu",,"945-555-0100","zheng1@adventure-works.com",0,"6 Dancing Road",,"Burien","Washington","98168","United States"
63,"Merit Bikes","Sales Agent","Mr.","Fred",,"Northup",,"330-555-0100","fred1@adventure-works.com",0,"7 Mayda Way",,"Bremerton","Washington","98312","United States"
64,"Circuit Cycles","Sales Agent","Mr.","Donals","E.","Nilson",,"526-555-0100","donals0@adventure-works.com",2,"1 Mt. Dell Drive",,"Portland","Oregon","97205","United States"
68,"Leaf River Terrain","Sales Agent","Ms.","Michelle","B.","Rector",,"459-555-0100","michelle1@adventure-works.com",1,"1619 Mills Dr.",,"Albany","Oregon","97321","United States"
69,"National Bike Association","Sales Agent","Mr.","David","J.","Ortiz",,"937-555-0100","david21@adventure-works.com",1,"90 Trujillo",,"Sedro Woolley","Washington","98284","United States"
72,"Varsity Sport Co.","Sales Agent","Mr.","Randy",,"Reeves",,"668-555-0100","randy1@adventure-works.com",0,"81 Ana Mile",,"Spokane","Washington","99202","United States"
74,"Australia Bike Retailer","Sales Agent","Ms.","Jo","J.","Zimmerman",,"816-555-0100","jo3@adventure-works.com",1,"28 San Marino Ct.",,"Bellingham","Washington","98225","United States"
76,"Cruger Bike Company","Sales Agent","Mr.","Mike","E.","White","Sr.","682-555-0100","mike8@adventure-works.com",1,"67 Monetary Way",,"Berkeley","California","94704","United States"
77,"Custom Frames, Inc.","Sales Agent","Mr.","Vincent","T.","White",,"677-555-0100","vincent0@adventure-works.com",2,"419 River Ash Court","#9","Lakewood","Missouri","63301","United States"
78,"Aurora Bike Center","Sales Agent","Mr.","Michael",,"Zeman",,"240-555-0100","michael27@adventure-works.com",0,"65 Park Glen Court",,"Port Orchard","Washington","98366","United States"
79,"GMA Ski & Bike","Sales Agent","Ms.","Constance","J.","Posner",,"686-555-0100","constance0@adventure-works.com",2,"50 Breck Court",,"Bremerton","Washington","98312","United States"
80,"Bicycle Specialists","Sales Agent","Ms.","Cheryl","J.","Pompa",,"433-555-0100","cheryl1@adventure-works.com",0,"1286 Cincerto Circle",,"Lake Oswego","Oregon","97034","United States"
81,"Bloomington Multisport","Sales Agent","Ms.","Marie","M.","Richmeier",,"172-555-0100","marie1@adventure-works.com",0,"218 Fall Creek Road",,"West Covina","California","91791","United States"
85,"American Bicycles and Wheels","Sales Agent","Mr.","Robert",,"Zare",,"314-555-0100","robert14@adventure-works.com",2,"1667 Warren Street",,"West Covina","California","91791","United States"
86,"Carlson Specialties","Sales Agent","Ms.","Juanita","J.","Zimmerman",,"194-555-0100","juanita1@adventure-works.com",2,"2313 B Southampton Rd",,"Missoula","Montana","59801","United States"
87,"Expert Bike Co","Sales Agent","Ms.","Celine","J.","Reed",,"340-555-0100","celine0@adventure-works.com",2,"8892 Columbia River Ct.",,"Santa Cruz","California","95062","United States"
91,"WestAmerica Bicycle Co.","Sales Agent","Mr.","Tim",,"O'Brien",,"360-555-0100","tim1@adventure-works.com",1,"8040 Erie Dr","6 Monteira","Houston","Texas","77003","United States"
92,"American Bikes","Sales Agent","Ms.","Susan","J.","Ramos",,"839-555-0100","susan5@adventure-works.com",1,"7179 Montana",,"Torrance","California","90505","United States"
96,"Hill Bicycle Center","Sales Agent","Ms.","Carole",,"Poland",,"135-555-0100","carole1@adventure-works.com",1,"87 Pheasant Circle",,"Oakland","California","94611","United States"
97,"Northwind Traders","Sales Agent","Ms.","Tina","A.","Perko",,"104-555-0100","tina1@adventure-works.com",2,"137 Lancelot Dr",,"Phoenix","Arizona","85004","United States"
100,"Holiday Skate & Cycle","Sales Agent","Ms.","Gloria","B.","Wilson",,"893-555-0100","gloria2@adventure-works.com",0,"3294 Buena Vista",,"Lemon Grove","Arizona","85284","United States"
102,"Fitness Association","Sales Agent","Ms.","Kelly","J.","Whitworth",,"550-555-0100","kelly1@adventure-works.com",0,"8629 Pepper Place",,"Bellevue","Washington","98004","United States"
3,"Premier Sport, Inc.","Sales Associate","Ms.","Constance","J.","Remmington",,"537-555-0100","constance1@adventure-works.com",1,"7682 Fern Leaf Lane",,"Boston","Massachusetts","02113","United States"
5,"Metro Sport Equipment","Sales Associate","Mr.","Pat","R.","Pinkston",,"387-555-0100","pat3@adventure-works.com",0,"60 Oakgrove Rd.",,"Lebanon","Oregon","97355","United States"
7,"Mountain Works","Sales Associate","Ms.","Cynthia",,"Randall",,"961-555-0100","cynthia1@adventure-works.com",2,"8 Rogers Ave.",,"Everett","Washington","98201","United States"
11,"Anderson's Custom Bikes","Sales Associate","Mr.","Steven","M.","Wright",,"232-555-0100","steven5@adventure-works.com",0,"9 Guadalupe Dr.",,"Burbank","California","91502","United States"
13,"Beaumont Bikes","Sales Associate","Mr.","Peng",,"Wu",,"306-555-0100","peng1@adventure-works.com",0,"2472 Alexander Place",,"West Covina","Idaho","83301","United States"
15,"SUPERSALES INC.","Sales Associate","Mr.","Shyamalan",,"Pather",,"843-555-0100","shyamalan0@adventure-works.com",1,"9443 Oaxaca",,"Lakewood","California","90712","United States"
17,"Compete Enterprises, Inc","Sales Associate","Mr.","Jon",,"Morris",,"321-555-0100","jon2@adventure-works.com",1,"50 Via Del Sol",,"Lynnwood","Washington","98036","United States"
20,"Jeff's Sporting Goods","Sales Associate","Ms.","Michiko",,"Osada",,"288-555-0100","michiko1@adventure-works.com",0,"31 Bridgeview St",,"Glendale","California","91203","United States"
21,"Business Equipment Center","Sales Associate","Ms.","Leota","J.","Roberts",,"336-555-0100","leota0@adventure-works.com",0,"6061 St. Paul Way",,"Everett","Montana","98201","United States"
23,"Norstan Bike Hut","Sales Associate","Mr.","Lee","M.","Olguin",,"944-555-0100","lee1@adventure-works.com",1,"68 Filling Ave.",,"Beaverton","Oregon","97005","United States"
32,"Advanced Bicycles","Sales Associate","Mr.","Jonathan",,"Moeller",,"859-555-0100","jonathan0@adventure-works.com",0,"7995 Edwards Ave.",,"Lynnwood","Washington","98036","United States"
33,"Signature Cycles","Sales Associate","Mr.","Rajesh","M.","Patel",,"724-555-0100","rajesh1@adventure-works.com",1,"50 Kim Court",,"Coronado","California","92118","United States"
35,"Mitchell Sports","Sales Associate","Ms.","Mosha","M.","Park",,"352-555-0100","mosha0@adventure-works.com",2,"7562 Daylight Place",,"Everett","Washington","98201","United States"
36,"Recreation Place","Sales Associate","Ms.","Dorothy","J.","Myer",,"991-555-0100","dorothy2@adventure-works.com",0,"207 Concerto Circle",,"Salem","Oregon","97301","United States"
38,"Allenson Cycles","Sales Associate","Mr.","Michiel",,"Wories",,"530-555-0100","michiel0@adventure-works.com",2,"4659 Montoya",,"Altadena","California","91001","United States"
40,"West Junction Cycles","Sales Associate",,"Tina","Slone","O'Dell",,"173-555-0100","tina0@adventure-works.com",1,"7786 Olive St",,"Olympia","Washington","98501","United States"
42,"Legend Cycles","Sales Associate","Mr.","Fred",,"Preston",,"704-555-0100","fred3@adventure-works.com",0,"978 Mozden Lane",,"San Francisco","California","94109","United States"
44,"Competition Bike Training Systems","Sales Associate","Mr.","Grigory",,"Pogulsky",,"557-555-0100","grigory0@adventure-works.com",1,"4151 Olivera",,"Atlanta","Georgia","30308","United States"
46,"Burnett Road Warriors","Sales Associate","Ms.","Gloria","B.","Orona",,"810-555-0100","gloria1@adventure-works.com",1,"5807 Churchill Dr.",,"Corvallis","Oregon","97330","United States"
47,"Bike Satellite Inc.","Sales Associate","Mr.","Jonathan",,"Perera",,"404-555-0100","jonathan1@adventure-works.com",1,"2141 Delaware Ct.",,"Downey","Tennessee","37501","United States"
48,"Gardner Touring Cycles","Sales Associate","Mr.","Michael","J.","Zwilling",,"542-555-0100","michael28@adventure-works.com",2,"8513 Hurlstone Ct.",,"Altadena","California","91001","United States"
50,"Vision Cycles, Inc.","Sales Associate","Mr.","Scott",,"Oveson",,"939-555-0100","scott9@adventure-works.com",1,"40 Panorama Drive",,"Glendale","California","91203","United States"
51,"Bergeron Off-Roads","Sales Associate","Ms.","Jan","R.","Nelsen",,"905-555-0100","jan2@adventure-works.com",1,"9830 May Way",,"Mill Valley","Montana","59715","United States"
55,"Sport Fan Co.","Sales Associate","Ms.","Ethel","J.","Porter",,"665-555-0100","ethel0@adventure-works.com",2,"80 Edward Ave",,"Burien","Washington","98168","United States"
58,"Midwest Sport, Inc.","Sales Associate","Ms.","Sara","E.","Pettengill",,"125-555-0100","sara1@adventure-works.com",0,"594 Tossing Way",,"Detroit","Michigan","48226","United States"
61,"Lindell","Sales Associate","Mr.","Michael",,"Patten",,"178-555-0100","michael20@adventure-works.com",2,"9151 Napa C.",,"Lebanon","Oregon","97355","United States"
70,"Sport Playground","Sales Associate","Mr.","James",,"Peters",,"709-555-0100","james13@adventure-works.com",0,"8671 Westwood Lane",,"Palo Alto","California","94303","United States"
71,"Vista Road Bikes","Sales Associate","Mr.","Alex",,"Nayberg",,"134-555-0100","alex1@adventure-works.com",0,"8197 Hermosa",,"Salem","Oregon","97301","United States"
73,"Crowley Sport","Sales Associate","Ms.","Judy","N.","Zugelder",,"611-555-0100","judy4@adventure-works.com",1,"9056 Mount Dr",,"Chicago","Illinois","60610","United States"
74,"Australia Bike Retailer","Sales Associate","Ms.","Paula","B.","Moberly",,"273-555-0100","paula2@adventure-works.com",2,"28 San Marino Ct.",,"Bellingham","Washington","98225","United States"
75,"Northern Bike Travel","Sales Associate","Ms.","Patricia","M.","Zubaty",,"175-555-0100","patricia3@adventure-works.com",0,"3427 C Del Rio Ln",,"Anacortes","Washington","98221","United States"
78,"Aurora Bike Center","Sales Associate","Ms.","Patricia","B.","Porter",,"939-555-0100","patricia1@adventure-works.com",2,"65 Park Glen Court",,"Port Orchard","Washington","98366","United States"
85,"American Bicycles and Wheels","Sales Associate","Ms.","Mary Lou","M.","Quintana",,"430-555-0100","marylou0@adventure-works.com",0,"1667 Warren Street",,"West Covina","California","91791","United States"
86,"Carlson Specialties","Sales Associate","Mr.","William","J.","Richter",,"519-555-0100","william4@adventure-works.com",0,"2313 B Southampton Rd",,"Missoula","Montana","59801","United States"
89,"Sports House","Sales Associate","Ms.","Cathan",,"Cook",,"55-2555-0100","cathan0@adventure-works.com",1,"2014 Delta Road",,"Burien","Washington","98168","United States"
90,"Reliance Fitness, Inc.","Sales Associate","Ms.","Carol",,"Philips",,"996-555-0100","carol3@adventure-works.com",0,"5514 Grant Street",,"Ballard","Washington","98107","United States"
92,"American Bikes","Sales Associate","Mr.","Michael","J.","Worland","Jr.","196-555-0100","michael26@adventure-works.com",0,"7179 Montana",,"Torrance","California","90505","United States"
94,"Superior Bicycles","Sales Associate","Mr.","Stu","J.","Osborn",,"472-555-0100","stu0@adventure-works.com",1,"87 S. Rising Ave",,"Lynnwood","Washington","98036","United States"
95,"Team Athletic Co.","Sales Associate","Mr.","Enoch","T","Remick",,"800-555-0100","enoch0@adventure-works.com",2,"581 Roundtree Place",,"Spokane","Washington","99202","United States"
98,"Trikes, Inc.","Sales Associate","Mr.","William","J.","Monroe",,"315-555-0100","william3@adventure-works.com",1,"90 Sunny Ave",,"Berkeley","California","94704","United States"
99,"Marsh","Sales Associate","Mr.","Robert",,"O'Hara",,"139-555-0100","robert11@adventure-works.com",0,"7 B Way",,"Woodburn","Oregon","97071","United States"
101,"Touring Equipment Center","Sales Associate","Ms.","Jamie",,"Reding",,"124-555-0100","jamie0@adventure-works.com",0,"3681 South St.",,"St. Louis","Missouri","63103","United States"
103,"Morgan Bike Accessories","Sales Associate","Ms.","Alan","L.","Monitor",,"142-555-0100","alan2@adventure-works.com",0,"9098 Story Lane",,"Albany","New York","12210","United States"
104,"Professional Athletic Consultants","Sales Associate","Mr.","Albert","A.","Rhodes",,"504-555-0100","albert1@adventure-works.com",0,"20 Smiling Tree Court",,"Burbank","California","91502","United States"
2,"Electronic Bike Repair & Supplies","Sales Manager","Mr.","Richard","T.","Young",,"683-555-0100","richard6@adventure-works.com",0,"8547 Catherine Way",,"Tacoma","Washington","98403","United States"
4,"Comfort Road Bicycles","Sales Manager",,"Mandar",,"Naik",,"240-555-0100","mandar1@adventure-works.com",0,"7651 Smiling Tree Court","Space 55","Los Angeles","California","90012","United States"
9,"A. Datum Corporation","Sales Manager",,"Wei",,"Yu",,"870-555-0100","wei0@adventure-works.com",1,"2596 Big Canyon Road",,"New York","New York","10007","United States"
12,"Compete, Inc.","Sales Manager","Mr.","Thomas","M.","Richards","Jr.","177-555-0100","thomas3@adventure-works.com",0,"9491 Toyon Dr",,"Dallas","Texas","75201","United States"
16,"Image Makers Bike Center","Sales Manager","Mr.","Greg",,"Yvkoff",,"110-555-0100","greg5@adventure-works.com",0,"3195 RiverRock Dr.",,"Burlingame","California","94010","United States"
17,"Compete Enterprises, Inc","Sales Manager","Ms.","Sheela",,"Word",,"387-555-0100","sheela1@adventure-works.com",0,"50 Via Del Sol",,"Lynnwood","Washington","98036","United States"
21,"Business Equipment Center","Sales Manager","Mr.","John",,"Wood",,"873-555-0100","john29@adventure-works.com",0,"6061 St. Paul Way",,"Everett","Montana","98201","United States"
25,"Ready Rentals","Sales Manager","Mr.","Mike",,"Nash",,"198-555-0100","mike4@adventure-works.com",0,"35 Buckthorn Court","# 1","Kirkland","Washington","98033","United States"
26,"First National Sport Co.","Sales Manager","Mr.","Rob",,"Young",,"152-555-0100","rob3@adventure-works.com",2,"8127 Otter Dr.",,"Boise","Idaho","83702","United States"
28,"Wide World Importers","Sales Manager","Ms.","Tai",,"Yee",,"953-555-0100","tai0@adventure-works.com",0,"50 Edward Ave",,"Concord","California","94519","United States"
30,"Consumer Cycles","Sales Manager","Ms.","Laura",,"Norman",,"460-555-0100","laura2@adventure-works.com",0,"3 Chablis Court",,"Torrance","California","90505","United States"
31,"Federal Sport","Sales Manager","Mr.","Garrett",,"Young",,"549-555-0100","garrett2@adventure-works.com",0,"2909 Toyon Dr.",,"Burlingame","California","94010","United States"
32,"Advanced Bicycles","Sales Manager","Mr.","James","C.","Wilson",,"239-555-0100","james16@adventure-works.com",0,"7995 Edwards Ave.",,"Lynnwood","Washington","98036","United States"
39,"Hill's Bicycle Service","Sales Manager","Mr.","Ian","A.","Yuhasz",,"845-555-0100","ian0@adventure-works.com",1,"3664 Colt Ct.",,"Richmond","California","94801","United States"
45,"Chicago City Saddles","Sales Manager","Ms.","Stacy","K.","Rizzi",,"329-555-0100","stacy0@adventure-works.com",0,"3 Gehringer Drive",,"Daly City","California","94015","United States"
46,"Burnett Road Warriors","Sales Manager","Ms.","Dorothy","M.","Wollesen",,"208-555-0100","dorothy5@adventure-works.com",1,"5807 Churchill Dr.",,"Corvallis","Oregon","97330","United States"
47,"Bike Satellite Inc.","Sales Manager","Ms.","Eunice","J.","Wolf",,"305-555-0100","eunice0@adventure-works.com",0,"2141 Delaware Ct.",,"Downey","Tennessee","37501","United States"
48,"Gardner Touring Cycles","Sales Manager","Mr.","Salman",,"Mughal",,"882-555-0100","salman0@adventure-works.com",1,"8513 Hurlstone Ct.",,"Altadena","California","91001","United States"
49,"Magic Cycles","Sales Manager","Mr.","Simon",,"Rapier",,"476-555-0100","simon1@adventure-works.com",0,"24 Bohon Circle",,"Burlingame","California","94010","United States"
51,"Bergeron Off-Roads","Sales Manager","Ms.","Audrey","E.","Wold",,"301-555-0100","audrey0@adventure-works.com",1,"9830 May Way",,"Mill Valley","Montana","59715","United States"
54,"Pro Sport Industries","Sales Manager","Mr.","Dave",,"Richards",,"582-555-0100","dave1@adventure-works.com",0,"6360 Sand Pointe Lane",,"Coronado","California","92118","United States"
59,"Electronic Bike Co.","Sales Manager","Mr.","Joe",,"Yong",,"221-555-0100","joe2@adventure-works.com",0,"8157 Tweed Lane",,"Anacortes","Washington","98221","United States"
66,"Lakewood Bicycle","Sales Manager","Mr.","Paulo","Sergio Da Silva","Pinto",,"823-555-0100","paulo1@adventure-works.com",0,"6030 Winter Drive","# 4d","Imperial Beach","California","91932","United States"
67,"Knopfler Cycles","Sales Manager","Mr.","Greg","F.","Mohamed",,"163-555-0100","greg4@adventure-works.com",0,"3253 La Jolla",,"Salem","Oregon","97301","United States"
73,"Crowley Sport","Sales Manager","Mr.","Arvind","B.","Rao",,"141-555-0100","arvind1@adventure-works.com",1,"9056 Mount Dr",,"Chicago","Illinois","60610","United States"
74,"Australia Bike Retailer","Sales Manager","Ms.","Charlene","J.","Wojcik",,"459-555-0100","charlene0@adventure-works.com",0,"28 San Marino Ct.",,"Bellingham","Washington","98225","United States"
75,"Northern Bike Travel","Sales Manager","Mr.","Michael","S","Ray",,"317-555-0100","michael21@adventure-works.com",1,"3427 C Del Rio Ln",,"Anacortes","Washington","98221","United States"
76,"Cruger Bike Company","Sales Manager","Ms.","Lenore","J.","Yasi",,"206-555-0100","lenore0@adventure-works.com",1,"67 Monetary Way",,"Berkeley","California","94704","United States"
77,"Custom Frames, Inc.","Sales Manager","Mr.","Arthur",,"Yasinski",,"194-555-0100","arthur0@adventure-works.com",1,"419 River Ash Court","#9","Lakewood","Missouri","63301","United States"
78,"Aurora Bike Center","Sales Manager","Mr.","Mark",,"Wistrom",,"890-555-0100","mark6@adventure-works.com",0,"65 Park Glen Court",,"Port Orchard","Washington","98366","United States"
82,"Illinois Trek & Clothing","Sales Manager","Mr.","Tad",,"Orman",,"533-555-0100","tad0@adventure-works.com",0,"1192 Parkway Drive",,"Mill Valley","Nebraska","68601","United States"
83,"Litware, Inc.","Sales Manager","Ms.","Lori",,"Oviatt",,"529-555-0100","lori3@adventure-works.com",0,"4405 Balboa Court",,"Santa Cruz","California","95062","United States"
84,"Proseware, Inc.","Sales Manager","Mr.","Eric","E.","Rhodes",,"113-555-0100","eric8@adventure-works.com",2,"50 Big Canyon Road",,"Lebanon","Oregon","97355","United States"
85,"American Bicycles and Wheels","Sales Manager","Ms.","Barbara","K.","Wisnewski",,"757-555-0100","barbara8@adventure-works.com",0,"1667 Warren Street",,"West Covina","California","91791","United States"
86,"Carlson Specialties","Sales Manager","Ms.","Caroline","M.","Woodard",,"384-555-0100","caroline1@adventure-works.com",0,"2313 B Southampton Rd",,"Missoula","Montana","59801","United States"
88,"Greenwood Athletic Company","Sales Manager","Ms.","Barbara",,"Moreland",,"959-555-0100","barbara6@adventure-works.com",0,"6441 Co Road",,"Lemon Grove","Arizona","85252","United States"
89,"Sports House","Sales Manager","Mr.","Michael","J","O'Connell",,"761-555-0100","michael19@adventure-works.com",0,"2014 Delta Road",,"Burien","Washington","98168","United States"
93,"Chicago Rent-All","Sales Manager","Mr.","Bobby",,"Moore",,"879-555-0100","bobby0@adventure-works.com",0,"15 Pear Dr.",,"Newport Beach","California","92625","United States"
100,"Holiday Skate & Cycle","Sales Manager","Mr.","Gary",,"Yukish",,"518-555-0100","gary7@adventure-works.com",0,"3294 Buena Vista",,"Lemon Grove","Arizona","85284","United States"
102,"Fitness Association","Sales Manager","Mr.","Tom",,"Youtsey",,"113-555-0100","tom3@adventure-works.com",0,"8629 Pepper Place",,"Bellevue","Washington","98004","United States"
